{"cameraMode":{"drawMode":0,"name":"Shaded","section":"Shading Mode"},"sceneLighting":false,"audioPlay":false,"sceneViewState":{"m_AlwaysRefresh":false,"showFog":true,"showSkybox":false,"showFlares":true,"showImageEffects":true,"showParticleSystems":true,"showVisualEffectGraphs":true,"m_FxEnabled":true},"in2DMode":false,"pivot":{"x":-0.1165776252746582,"y":-0.13433735072612763,"z":-0.024822235107421876},"rotation":{"x":0.24819864332675935,"y":-0.5517703890800476,"z":0.17626462876796723,"w":0.7765374779701233},"size":5.828214645385742,"orthographic":false}