{"cameraMode":{"drawMode":0,"name":"Shaded","section":"Shading Mode"},"sceneLighting":false,"audioPlay":false,"sceneViewState":{"m_AlwaysRefresh":false,"showFog":true,"showSkybox":false,"showFlares":true,"showImageEffects":true,"showParticleSystems":true,"showVisualEffectGraphs":true,"m_FxEnabled":true},"in2DMode":false,"pivot":{"x":0.2045339047908783,"y":2.1604604721069338,"z":0.7385497093200684},"rotation":{"x":0.14529354870319367,"y":-0.006255103275179863,"z":0.0009059488656930625,"w":0.989402711391449},"size":3.329829216003418,"orthographic":false}