{"cameraMode":{"drawMode":0,"name":"Shaded","section":"Shading Mode"},"sceneLighting":false,"audioPlay":false,"sceneViewState":{"m_AlwaysRefresh":false,"showFog":true,"showSkybox":false,"showFlares":true,"showImageEffects":true,"showParticleSystems":true,"showVisualEffectGraphs":true,"m_FxEnabled":false},"in2DMode":false,"pivot":{"x":-0.606957733631134,"y":1.5618741512298585,"z":0.24513620138168336},"rotation":{"x":0.025370318442583085,"y":0.9057044982910156,"z":0.05561066046357155,"w":-0.41964349150657656},"size":1.268872618675232,"orthographic":false}