{"cameraMode":{"drawMode":0,"name":"Shaded","section":"Shading Mode"},"sceneLighting":true,"audioPlay":false,"sceneViewState":{"m_AlwaysRefresh":false,"showFog":true,"showSkybox":true,"showFlares":true,"showImageEffects":true,"showParticleSystems":true,"showVisualEffectGraphs":true,"m_FxEnabled":true},"in2DMode":false,"pivot":{"x":90.18907165527344,"y":24.621540069580079,"z":29.689233779907228},"rotation":{"x":0.029296882450580598,"y":0.9319930076599121,"z":-0.07735555619001389,"w":0.3530447781085968},"size":4.0550456047058109,"orthographic":false}