{"cameraMode":{"drawMode":0,"name":"Shaded","section":"Shading Mode"},"sceneLighting":true,"audioPlay":false,"sceneViewState":{"m_AlwaysRefresh":false,"showFog":true,"showSkybox":true,"showFlares":true,"showImageEffects":true,"showParticleSystems":true,"showVisualEffectGraphs":true,"m_FxEnabled":true},"in2DMode":false,"pivot":{"x":83.55613708496094,"y":19.516328811645509,"z":66.92405700683594},"rotation":{"x":0.22769902646541596,"y":0.030913814902305604,"z":-0.007226699031889439,"w":0.9733225107192993},"size":8.774785041809082,"orthographic":false}