{"cameraMode":{"drawMode":0,"name":"Shaded","section":"Shading Mode"},"sceneLighting":false,"audioPlay":false,"sceneViewState":{"m_AlwaysRefresh":false,"showFog":true,"showSkybox":false,"showFlares":true,"showImageEffects":true,"showParticleSystems":true,"showVisualEffectGraphs":true,"m_FxEnabled":true},"in2DMode":false,"pivot":{"x":79.78368377685547,"y":22.47623062133789,"z":-107.62741088867188},"rotation":{"x":0.0063224127516150478,"y":0.9949209094047546,"z":-0.09302467107772827,"w":0.05030065402388573},"size":1.3401273488998414,"orthographic":false}