{"cameraMode":{"drawMode":0,"name":"Shaded","section":"Shading Mode"},"sceneLighting":false,"audioPlay":false,"sceneViewState":{"m_AlwaysRefresh":false,"showFog":false,"showSkybox":false,"showFlares":false,"showImageEffects":false,"showParticleSystems":false,"showVisualEffectGraphs":true,"m_FxEnabled":true},"in2DMode":false,"pivot":{"x":0.4394485354423523,"y":1.4421700239181519,"z":-0.058760128915309909},"rotation":{"x":-0.013614572584629059,"y":-0.9718936085700989,"z":0.2214074283838272,"w":0.0885017067193985},"size":0.8660253882408142,"orthographic":false}