{"cameraMode":{"drawMode":0,"name":"Shaded","section":"Shading Mode"},"sceneLighting":true,"audioPlay":false,"sceneViewState":{"m_AlwaysRefresh":false,"showFog":true,"showSkybox":true,"showFlares":true,"showImageEffects":true,"showParticleSystems":true,"showVisualEffectGraphs":true,"m_FxEnabled":true},"in2DMode":false,"pivot":{"x":95.8239974975586,"y":22.904193878173829,"z":31.78711700439453},"rotation":{"x":-0.012095751240849495,"y":-0.008679002523422242,"z":-0.029147956520318986,"w":-1.000198245048523},"size":1.4952183961868287,"orthographic":false}