{"cameraMode":{"drawMode":0,"name":"Shaded","section":"Shading Mode"},"sceneLighting":true,"audioPlay":false,"sceneViewState":{"m_AlwaysRefresh":false,"showFog":true,"showSkybox":true,"showFlares":true,"showImageEffects":true,"showParticleSystems":true,"showVisualEffectGraphs":true,"m_FxEnabled":true},"in2DMode":false,"pivot":{"x":97.61277770996094,"y":22.280424118041993,"z":19.99848747253418},"rotation":{"x":-0.0302322655916214,"y":-0.9992271661758423,"z":-0.03693735599517822,"w":0.021705947816371919},"size":0.8660253882408142,"orthographic":false}