{"cameraMode":{"drawMode":0,"name":"Shaded","section":"Shading Mode"},"sceneLighting":true,"audioPlay":false,"sceneViewState":{"m_AlwaysRefresh":false,"showFog":true,"showSkybox":true,"showFlares":true,"showImageEffects":true,"showParticleSystems":true,"showVisualEffectGraphs":true,"m_FxEnabled":true},"in2DMode":false,"pivot":{"x":169.00035095214845,"y":19.78446388244629,"z":13.798007011413575},"rotation":{"x":0.028267554938793184,"y":0.9706519842147827,"z":-0.19051291048526765,"w":0.1440211981534958},"size":2.6364996433258058,"orthographic":false}