{"cameraMode":{"drawMode":0,"name":"Shaded","section":"Shading Mode"},"sceneLighting":true,"audioPlay":false,"sceneViewState":{"m_AlwaysRefresh":false,"showFog":true,"showSkybox":true,"showFlares":true,"showImageEffects":true,"showParticleSystems":true,"showVisualEffectGraphs":true,"m_FxEnabled":false},"in2DMode":false,"pivot":{"x":139.5319061279297,"y":24.816219329833986,"z":68.68791961669922},"rotation":{"x":0.11856865137815476,"y":0.5581033229827881,"z":-0.08146566897630692,"w":0.8173425197601318},"size":0.8893198370933533,"orthographic":false}