{"cameraMode":{"drawMode":0,"name":"Shaded","section":"Shading Mode"},"sceneLighting":true,"audioPlay":false,"sceneViewState":{"m_AlwaysRefresh":false,"showFog":true,"showSkybox":true,"showFlares":true,"showImageEffects":true,"showParticleSystems":true,"showVisualEffectGraphs":true,"m_FxEnabled":true},"in2DMode":false,"pivot":{"x":167.09719848632813,"y":26.201190948486329,"z":16.007892608642579},"rotation":{"x":0.17790475487709046,"y":-0.7754033803939819,"z":0.24883316457271577,"w":0.5526019930839539},"size":2.508230686187744,"orthographic":false}