{"cameraMode":{"drawMode":0,"name":"Shaded","section":"Shading Mode"},"sceneLighting":true,"audioPlay":false,"sceneViewState":{"m_AlwaysRefresh":false,"showFog":true,"showSkybox":true,"showFlares":true,"showImageEffects":true,"showParticleSystems":true,"showVisualEffectGraphs":true,"m_FxEnabled":true},"in2DMode":false,"pivot":{"x":69.89012908935547,"y":44.637428283691409,"z":25.923362731933595},"rotation":{"x":0.12870094180107118,"y":0.4002213180065155,"z":-0.05730464681982994,"w":0.9055940508842468},"size":1.0513147115707398,"orthographic":false}