{"cameraMode":{"drawMode":0,"name":"Shaded","section":"Shading Mode"},"sceneLighting":true,"audioPlay":false,"sceneViewState":{"m_AlwaysRefresh":false,"showFog":true,"showSkybox":true,"showFlares":true,"showImageEffects":true,"showParticleSystems":true,"showVisualEffectGraphs":true,"m_FxEnabled":true},"in2DMode":false,"pivot":{"x":76.32674407958985,"y":23.479536056518556,"z":-100.35659790039063},"rotation":{"x":0.005706264637410641,"y":-0.9176033139228821,"z":0.08373825997114182,"w":0.3899904787540436},"size":1.7459053993225098,"orthographic":false}