{"cameraMode":{"drawMode":0,"name":"Shaded","section":"Shading Mode"},"sceneLighting":true,"audioPlay":false,"sceneViewState":{"m_AlwaysRefresh":false,"showFog":true,"showSkybox":true,"showFlares":true,"showImageEffects":true,"showParticleSystems":true,"showVisualEffectGraphs":true,"m_FxEnabled":true},"in2DMode":false,"pivot":{"x":166.17459106445313,"y":21.318878173828126,"z":12.814149856567383},"rotation":{"x":0.24228817224502564,"y":-0.027403762564063073,"z":0.006906719412654638,"w":0.9698649048805237},"size":3.7327730655670168,"orthographic":false}