{"cameraMode":{"drawMode":0,"name":"Shaded","section":"Shading Mode"},"sceneLighting":true,"audioPlay":false,"sceneViewState":{"m_AlwaysRefresh":false,"showFog":true,"showSkybox":true,"showFlares":true,"showImageEffects":true,"showParticleSystems":true,"showVisualEffectGraphs":true,"m_FxEnabled":true},"in2DMode":false,"pivot":{"x":482.0789489746094,"y":276.4620056152344,"z":212.90542602539063},"rotation":{"x":0.0009392733918502927,"y":0.9887637495994568,"z":-0.1515684723854065,"w":0.0034803578164428474},"size":81.39410400390625,"orthographic":false}