{"cameraMode":{"drawMode":0,"name":"Shaded","section":"Shading Mode"},"sceneLighting":false,"audioPlay":false,"sceneViewState":{"m_AlwaysRefresh":false,"showFog":true,"showSkybox":false,"showFlares":true,"showImageEffects":true,"showParticleSystems":true,"showVisualEffectGraphs":true,"m_FxEnabled":true},"in2DMode":false,"pivot":{"x":0.03395247459411621,"y":1.33879554271698,"z":-0.0022066831588745119},"rotation":{"x":0.1936165690422058,"y":-0.7375158667564392,"z":0.23904496431350709,"w":0.6016086339950562},"size":2.1305010318756105,"orthographic":false}